{
"lengthUnit": "mil",
"components": {
	"fields": ["COMPONENT_NO", "COMPONENT_NAME", "LAYER", "X_COORDINATE", "Y_COORDINATE", "ANGLE"],
	"rows": [
		[1, "C1", "T", 1525, 195, 0],
		[2, "C2", "T", 3170, -1170, 180],
		[3, "D1", "T", 3945, -90, 180],
		[4, "D2", "T", 4770, -65, 180],
		[5, "D3", "T", 3925, -600, 0],
		[6, "D4", "T", 4790, -760, 0],
		[7, "D5", "T", 5545, -275, 90],
		[8, "D6", "T", 5825, -295, 90],
		[9, "D7", "T", 5235, -1435, 0],
		[10, "D8", "T", 5810, -850, 270],
		[11, "PowerSupply1", "T", 1400, -1505, 0],
		[12, "PowerSupply2", "T", 1365, 475, 0],
		[13, "R15", "T", 1510, -675, 0],
		[14, "R16", "T", 2700, 185, 0],
		[15, "R17", "T", 1950, -530, 0],
		[16, "R18", "T", 2130, -1125, 0],
		[17, "R20", "T", 3395, 475, 0],
		[18, "R21", "T", 3160, -895, 0],
		[19, "R22", "T", 3535, -215, 90],
		[20, "R23", "T", 4360, -405, 90],
		[21, "R24", "T", 5220, -430, 90],
		[22, "R25", "T", 4485, -1175, 0],
		[23, "R26", "T", 4475, -1490, 0],
		[24, "R27", "T", 5920, 280, 180],
		[25, "R28", "T", 6345, -1060, 270],
		[26, "U1", "T", 1520, -185, 0],
		[27, "U2", "T", 2265, -185, 0],
		[28, "U3", "T", 2155, 190, 0]
	]
},
"pins": {
	"fields": ["PIN_NO", "PIN_NAME", "PIN_X", "PIN_Y", "LAYER", "PIN_TYPE", "NET_NAME", "NET_TYPE", "PAD_SHAPE", "PAD_SIZEX", "PAD_SIZEY", "HOLE_SIZE", "PAD_ANGLE"],
	"rows": [
		[1, "C1_1", 1328.15, 195, "T", "DIP", "GND", "GND", "C", 62.99, 62.99, 39.37, 0],
		[2, "C1_1", 1328.15, 195, "B", "DIP", "GND", "GND", "C", 62.99, 62.99, 39.37, 0],
		[3, "C1_2", 1721.85, 195, "T", "DIP", "$1N4018", "", "C", 62.99, 62.99, 39.37, 0],
		[4, "C1_2", 1721.85, 195, "B", "DIP", "$1N4018", "", "C", 62.99, 62.99, 39.37, 0],
		[5, "C2_1", 3366.85, -1170, "T", "DIP", "TW", "", "C", 62.99, 62.99, 39.37, 180],
		[6, "C2_1", 3366.85, -1170, "B", "DIP", "TW", "", "C", 62.99, 62.99, 39.37, 180],
		[7, "C2_2", 2973.15, -1170, "T", "DIP", "$1N4323", "", "C", 62.99, 62.99, 39.37, 180],
		[8, "C2_2", 2973.15, -1170, "B", "DIP", "$1N4323", "", "C", 62.99, 62.99, 39.37, 180],
		[9, "D1_1", 4116.26, -90, "T", "DIP", "$1N4561", "", "C", 70.87, 70.87, 39.37, 180],
		[10, "D1_1", 4116.26, -90, "B", "DIP", "$1N4561", "", "C", 70.87, 70.87, 39.37, 180],
		[11, "D1_2", 3773.74, -90, "T", "DIP", "$1N4459", "", "C", 70.87, 70.87, 39.37, 180],
		[12, "D1_2", 3773.74, -90, "B", "DIP", "$1N4459", "", "C", 70.87, 70.87, 39.37, 180],
		[13, "D2_1", 4941.26, -65, "T", "DIP", "$1N4453", "", "C", 70.87, 70.87, 39.37, 180],
		[14, "D2_1", 4941.26, -65, "B", "DIP", "$1N4453", "", "C", 70.87, 70.87, 39.37, 180],
		[15, "D2_2", 4598.74, -65, "T", "DIP", "$1N4561", "", "C", 70.87, 70.87, 39.37, 180],
		[16, "D2_2", 4598.74, -65, "B", "DIP", "$1N4561", "", "C", 70.87, 70.87, 39.37, 180],
		[17, "D3_1", 3753.74, -600, "T", "DIP", "$1N4467", "", "C", 70.87, 70.87, 39.37, 0],
		[18, "D3_1", 3753.74, -600, "B", "DIP", "$1N4467", "", "C", 70.87, 70.87, 39.37, 0],
		[19, "D3_2", 4096.26, -600, "T", "DIP", "$1N4471", "", "C", 70.87, 70.87, 39.37, 0],
		[20, "D3_2", 4096.26, -600, "B", "DIP", "$1N4471", "", "C", 70.87, 70.87, 39.37, 0],
		[21, "D4_1", 4618.74, -760, "T", "DIP", "$1N4471", "", "C", 70.87, 70.87, 39.37, 0],
		[22, "D4_1", 4618.74, -760, "B", "DIP", "$1N4471", "", "C", 70.87, 70.87, 39.37, 0],
		[23, "D4_2", 4961.26, -760, "T", "DIP", "$1N4476", "", "C", 70.87, 70.87, 39.37, 0],
		[24, "D4_2", 4961.26, -760, "B", "DIP", "$1N4476", "", "C", 70.87, 70.87, 39.37, 0],
		[25, "D5_1", 5545, -446.26, "T", "DIP", "$1N4597", "", "C", 70.87, 70.87, 39.37, 90],
		[26, "D5_1", 5545, -446.26, "B", "DIP", "$1N4597", "", "C", 70.87, 70.87, 39.37, 90],
		[27, "D5_2", 5545, -103.74, "T", "DIP", "$1N4591", "", "C", 70.87, 70.87, 39.37, 90],
		[28, "D5_2", 5545, -103.74, "B", "DIP", "$1N4591", "", "C", 70.87, 70.87, 39.37, 90],
		[29, "D6_1", 5825, -466.26, "T", "DIP", "GND", "GND", "C", 70.87, 70.87, 39.37, 90],
		[30, "D6_1", 5825, -466.26, "B", "DIP", "GND", "GND", "C", 70.87, 70.87, 39.37, 90],
		[31, "D6_2", 5825, -123.74, "T", "DIP", "$1N4602", "", "C", 70.87, 70.87, 39.37, 90],
		[32, "D6_2", 5825, -123.74, "B", "DIP", "$1N4602", "", "C", 70.87, 70.87, 39.37, 90],
		[33, "D7_1", 5063.74, -1435, "T", "DIP", "SNW", "", "C", 70.87, 70.87, 39.37, 0],
		[34, "D7_1", 5063.74, -1435, "B", "DIP", "SNW", "", "C", 70.87, 70.87, 39.37, 0],
		[35, "D7_2", 5406.26, -1435, "T", "DIP", "$1N4650", "", "C", 70.87, 70.87, 39.37, 0],
		[36, "D7_2", 5406.26, -1435, "B", "DIP", "$1N4650", "", "C", 70.87, 70.87, 39.37, 0],
		[37, "D8_1", 5810, -678.74, "T", "DIP", "$1N4645", "", "C", 70.87, 70.87, 39.37, 270],
		[38, "D8_1", 5810, -678.74, "B", "DIP", "$1N4645", "", "C", 70.87, 70.87, 39.37, 270],
		[39, "D8_2", 5810, -1021.26, "T", "DIP", "GND", "GND", "C", 70.87, 70.87, 39.37, 270],
		[40, "D8_2", 5810, -1021.26, "B", "DIP", "GND", "GND", "C", 70.87, 70.87, 39.37, 270],
		[41, "PowerSupply1_1", 1350, -1505, "T", "DIP", "$1N4291", "", "R", 66.93, 66.93, 39.37, 0],
		[42, "PowerSupply1_1", 1350, -1505, "B", "DIP", "$1N4291", "", "R", 66.93, 66.93, 39.37, 0],
		[43, "PowerSupply1_2", 1450, -1505, "T", "DIP", "GND", "GND", "C", 66.93, 66.93, 39.37, 0],
		[44, "PowerSupply1_2", 1450, -1505, "B", "DIP", "GND", "GND", "C", 66.93, 66.93, 39.37, 0],
		[45, "PowerSupply2_1", 1315, 475, "T", "DIP", "$1N4202", "", "R", 66.93, 66.93, 39.37, 0],
		[46, "PowerSupply2_1", 1315, 475, "B", "DIP", "$1N4202", "", "R", 66.93, 66.93, 39.37, 0],
		[47, "PowerSupply2_2", 1415, 475, "T", "DIP", "GND", "GND", "C", 66.93, 66.93, 39.37, 0],
		[48, "PowerSupply2_2", 1415, 475, "B", "DIP", "GND", "GND", "C", 66.93, 66.93, 39.37, 0],
		[49, "R15_1", 1303.31, -675, "T", "DIP", "GND", "GND", "C", 62.99, 62.99, 36, 0],
		[50, "R15_1", 1303.31, -675, "B", "DIP", "GND", "GND", "C", 62.99, 62.99, 36, 0],
		[51, "R15_2", 1716.69, -675, "T", "DIP", "$1N4009", "", "C", 62.99, 62.99, 36, 0],
		[52, "R15_2", 1716.69, -675, "B", "DIP", "$1N4009", "", "C", 62.99, 62.99, 36, 0],
		[53, "R16_1", 2497.24, 185, "T", "DIP", "SQW", "", "C", 60, 60, 39.37, 0],
		[54, "R16_1", 2497.24, 185, "B", "DIP", "SQW", "", "C", 60, 60, 39.37, 0],
		[55, "R16_2", 2902.76, 185, "T", "DIP", "$1N4323", "", "C", 60, 60, 39.37, 0],
		[56, "R16_2", 2902.76, 185, "B", "DIP", "$1N4323", "", "C", 60, 60, 39.37, 0],
		[57, "R17_1", 1747.24, -530, "T", "DIP", "GND", "GND", "C", 60, 60, 39.37, 0],
		[58, "R17_1", 1747.24, -530, "B", "DIP", "GND", "GND", "C", 60, 60, 39.37, 0],
		[59, "R17_2", 2152.76, -530, "T", "DIP", "$1N4400", "", "C", 60, 60, 39.37, 0],
		[60, "R17_2", 2152.76, -530, "B", "DIP", "$1N4400", "", "C", 60, 60, 39.37, 0],
		[61, "R18_1", 1746.14, -1125, "T", "DIP", "$1N4009", "", "C", 90.55, 90.55, 47.24, 0],
		[62, "R18_1", 1746.14, -1125, "B", "DIP", "$1N4009", "", "C", 90.55, 90.55, 47.24, 0],
		[63, "R18_2", 2513.86, -1125, "T", "DIP", "SQW", "", "C", 90.55, 90.55, 47.24, 0],
		[64, "R18_2", 2513.86, -1125, "B", "DIP", "SQW", "", "C", 90.55, 90.55, 47.24, 0],
		[65, "R20_1", 3011.14, 475, "T", "DIP", "TW", "", "C", 90.55, 90.55, 47.24, 0],
		[66, "R20_1", 3011.14, 475, "B", "DIP", "TW", "", "C", 90.55, 90.55, 47.24, 0],
		[67, "R20_2", 3778.86, 475, "T", "DIP", "$1N4561", "", "C", 90.55, 90.55, 47.24, 0],
		[68, "R20_2", 3778.86, 475, "B", "DIP", "$1N4561", "", "C", 90.55, 90.55, 47.24, 0],
		[69, "R21_1", 2776.14, -895, "T", "DIP", "$1N4323", "", "C", 90.55, 90.55, 47.24, 0],
		[70, "R21_1", 2776.14, -895, "B", "DIP", "$1N4323", "", "C", 90.55, 90.55, 47.24, 0],
		[71, "R21_2", 3543.86, -895, "T", "DIP", "TW", "", "C", 90.55, 90.55, 47.24, 0],
		[72, "R21_2", 3543.86, -895, "B", "DIP", "TW", "", "C", 90.55, 90.55, 47.24, 0],
		[73, "R22_1", 3535, -598.86, "T", "DIP", "$1N4467", "", "C", 90.55, 90.55, 47.24, 90],
		[74, "R22_1", 3535, -598.86, "B", "DIP", "$1N4467", "", "C", 90.55, 90.55, 47.24, 90],
		[75, "R22_2", 3535, 168.86, "T", "DIP", "$1N4459", "", "C", 90.55, 90.55, 47.24, 90],
		[76, "R22_2", 3535, 168.86, "B", "DIP", "$1N4459", "", "C", 90.55, 90.55, 47.24, 90],
		[77, "R23_1", 4360, -788.86, "T", "DIP", "$1N4471", "", "C", 90.55, 90.55, 47.24, 90],
		[78, "R23_1", 4360, -788.86, "B", "DIP", "$1N4471", "", "C", 90.55, 90.55, 47.24, 90],
		[79, "R23_2", 4360, -21.14, "T", "DIP", "$1N4561", "", "C", 90.55, 90.55, 47.24, 90],
		[80, "R23_2", 4360, -21.14, "B", "DIP", "$1N4561", "", "C", 90.55, 90.55, 47.24, 90],
		[81, "R24_1", 5220, -813.86, "T", "DIP", "$1N4476", "", "C", 90.55, 90.55, 47.24, 90],
		[82, "R24_1", 5220, -813.86, "B", "DIP", "$1N4476", "", "C", 90.55, 90.55, 47.24, 90],
		[83, "R24_2", 5220, -46.14, "T", "DIP", "$1N4453", "", "C", 90.55, 90.55, 47.24, 90],
		[84, "R24_2", 5220, -46.14, "B", "DIP", "$1N4453", "", "C", 90.55, 90.55, 47.24, 90],
		[85, "R25_1", 4101.14, -1175, "T", "DIP", "$1N4561", "", "C", 90.55, 90.55, 47.24, 0],
		[86, "R25_1", 4101.14, -1175, "B", "DIP", "$1N4561", "", "C", 90.55, 90.55, 47.24, 0],
		[87, "R25_2", 4868.86, -1175, "T", "DIP", "$1N4591", "", "C", 90.55, 90.55, 47.24, 0],
		[88, "R25_2", 4868.86, -1175, "B", "DIP", "$1N4591", "", "C", 90.55, 90.55, 47.24, 0],
		[89, "R26_1", 4091.14, -1490, "T", "DIP", "$1N4591", "", "C", 90.55, 90.55, 47.24, 0],
		[90, "R26_1", 4091.14, -1490, "B", "DIP", "$1N4591", "", "C", 90.55, 90.55, 47.24, 0],
		[91, "R26_2", 4858.86, -1490, "T", "DIP", "SNW", "", "C", 90.55, 90.55, 47.24, 0],
		[92, "R26_2", 4858.86, -1490, "B", "DIP", "SNW", "", "C", 90.55, 90.55, 47.24, 0],
		[93, "R27_1", 6303.86, 280, "T", "DIP", "$1N4602", "", "C", 90.55, 90.55, 47.24, 180],
		[94, "R27_1", 6303.86, 280, "B", "DIP", "$1N4602", "", "C", 90.55, 90.55, 47.24, 180],
		[95, "R27_2", 5536.14, 280, "T", "DIP", "$1N4597", "", "C", 90.55, 90.55, 47.24, 180],
		[96, "R27_2", 5536.14, 280, "B", "DIP", "$1N4597", "", "C", 90.55, 90.55, 47.24, 180],
		[97, "R28_1", 6345, -676.14, "T", "DIP", "$1N4645", "", "C", 90.55, 90.55, 47.24, 270],
		[98, "R28_1", 6345, -676.14, "B", "DIP", "$1N4645", "", "C", 90.55, 90.55, 47.24, 270],
		[99, "R28_2", 6345, -1443.86, "T", "DIP", "$1N4650", "", "C", 90.55, 90.55, 47.24, 270],
		[100, "R28_2", 6345, -1443.86, "B", "DIP", "$1N4650", "", "C", 90.55, 90.55, 47.24, 270],
		[101, "U1_1", 1370, -335, "T", "DIP", "U1_1", "", "R", 70.87, 70.87, 39.37, 0],
		[102, "U1_1", 1370, -335, "B", "DIP", "U1_1", "", "R", 70.87, 70.87, 39.37, 0],
		[103, "U1_2", 1470, -335, "T", "DIP", "$1N4018", "", "C", 70.87, 70.87, 39.37, 0],
		[104, "U1_2", 1470, -335, "B", "DIP", "$1N4018", "", "C", 70.87, 70.87, 39.37, 0],
		[105, "U1_3", 1570, -335, "T", "DIP", "$1N4009", "", "C", 70.87, 70.87, 39.37, 0],
		[106, "U1_3", 1570, -335, "B", "DIP", "$1N4009", "", "C", 70.87, 70.87, 39.37, 0],
		[107, "U1_4", 1670, -335, "T", "DIP", "$1N4291", "", "C", 70.87, 70.87, 39.37, 0],
		[108, "U1_4", 1670, -335, "B", "DIP", "$1N4291", "", "C", 70.87, 70.87, 39.37, 0],
		[109, "U1_5", 1670, -35, "T", "DIP", "U1_5", "", "C", 70.87, 70.87, 39.37, 0],
		[110, "U1_5", 1670, -35, "B", "DIP", "U1_5", "", "C", 70.87, 70.87, 39.37, 0],
		[111, "U1_6", 1570, -35, "T", "DIP", "SQW", "", "C", 70.87, 70.87, 39.37, 0],
		[112, "U1_6", 1570, -35, "B", "DIP", "SQW", "", "C", 70.87, 70.87, 39.37, 0],
		[113, "U1_7", 1470, -35, "T", "DIP", "$1N4202", "", "C", 70.87, 70.87, 39.37, 0],
		[114, "U1_7", 1470, -35, "B", "DIP", "$1N4202", "", "C", 70.87, 70.87, 39.37, 0],
		[115, "U1_8", 1370, -35, "T", "DIP", "U1_8", "", "C", 70.87, 70.87, 39.37, 0],
		[116, "U1_8", 1370, -35, "B", "DIP", "U1_8", "", "C", 70.87, 70.87, 39.37, 0],
		[117, "U2_1", 2115, -335, "T", "DIP", "U2_1", "", "R", 70.87, 70.87, 39.37, 0],
		[118, "U2_1", 2115, -335, "B", "DIP", "U2_1", "", "R", 70.87, 70.87, 39.37, 0],
		[119, "U2_2", 2215, -335, "T", "DIP", "$1N4323", "", "C", 70.87, 70.87, 39.37, 0],
		[120, "U2_2", 2215, -335, "B", "DIP", "$1N4323", "", "C", 70.87, 70.87, 39.37, 0],
		[121, "U2_3", 2315, -335, "T", "DIP", "$1N4400", "", "C", 70.87, 70.87, 39.37, 0],
		[122, "U2_3", 2315, -335, "B", "DIP", "$1N4400", "", "C", 70.87, 70.87, 39.37, 0],
		[123, "U2_4", 2415, -335, "T", "DIP", "$1N4291", "", "C", 70.87, 70.87, 39.37, 0],
		[124, "U2_4", 2415, -335, "B", "DIP", "$1N4291", "", "C", 70.87, 70.87, 39.37, 0],
		[125, "U2_5", 2415, -35, "T", "DIP", "U2_5", "", "C", 70.87, 70.87, 39.37, 0],
		[126, "U2_5", 2415, -35, "B", "DIP", "U2_5", "", "C", 70.87, 70.87, 39.37, 0],
		[127, "U2_6", 2315, -35, "T", "DIP", "TW", "", "C", 70.87, 70.87, 39.37, 0],
		[128, "U2_6", 2315, -35, "B", "DIP", "TW", "", "C", 70.87, 70.87, 39.37, 0],
		[129, "U2_7", 2215, -35, "T", "DIP", "$1N4202", "", "C", 70.87, 70.87, 39.37, 0],
		[130, "U2_7", 2215, -35, "B", "DIP", "$1N4202", "", "C", 70.87, 70.87, 39.37, 0],
		[131, "U2_8", 2115, -35, "T", "DIP", "U2_8", "", "C", 70.87, 70.87, 39.37, 0],
		[132, "U2_8", 2115, -35, "B", "DIP", "U2_8", "", "C", 70.87, 70.87, 39.37, 0],
		[133, "U3_1", 1958.15, 190, "T", "DIP", "$1N4018", "", "C", 59.05, 59.05, 35.43, 0],
		[134, "U3_1", 1958.15, 190, "B", "DIP", "$1N4018", "", "C", 59.05, 59.05, 35.43, 0],
		[135, "U3_2", 2351.85, 190, "T", "DIP", "SQW", "", "C", 59.05, 59.05, 35.43, 0],
		[136, "U3_2", 2351.85, 190, "B", "DIP", "SQW", "", "C", 59.05, 59.05, 35.43, 0]
	]
}
}